{
  "view/MessagePopover.fragment.xml": 1758456568181,
  "i18n/i18n.properties": 1758456550829,
  "model/models.js": 1758456561653,
  "model/formatter.js": 1758456561653,
  "controller/Segments.controller.js": 1758456544245,
  "controller/NotFound.controller.js": 1758456544245,
  "controller/Home.controller.js": 1758456544245,
  "controller/FilesDetail.controller.js": 1760452233887,
  "controller/Files.controller.js": 1760452252895,
  "controller/Contacts.controller.js": 1758456544245,
  "controller/BaseController.js": 1760378989392,
  "controller/App.controller.js": 1760452163271,
  "manifest.json": 1760463399423,
  "Component.js": 1758456536765,
  "controller/Segments-dbg.controller.js": 1758456544245,
  "controller/Segments.controller.js.map": 1760463399814,
  "model/formatter-dbg.js": 1758456561653,
  "model/formatter.js.map": 1760463399813,
  "model/models-dbg.js": 1758456561653,
  "model/models.js.map": 1760463399809,
  "controller/NotFound-dbg.controller.js": 1758456544245,
  "controller/NotFound.controller.js.map": 1760463399813,
  "controller/Home-dbg.controller.js": 1758456544245,
  "controller/Home.controller.js.map": 1760463399811,
  "controller/FilesDetail-dbg.controller.js": 1760452233887,
  "controller/FilesDetail.controller.js.map": 1760463399847,
  "controller/Files-dbg.controller.js": 1760452252895,
  "controller/Files.controller.js.map": 1760463399845,
  "controller/Contacts-dbg.controller.js": 1758456544245,
  "controller/Contacts.controller.js.map": 1760463399831,
  "controller/BaseController-dbg.js": 1760378989392,
  "controller/BaseController.js.map": 1760463399831,
  "controller/App-dbg.controller.js": 1760452163271,
  "controller/App.controller.js.map": 1760463399844,
  "Component-dbg.js": 1758456536765,
  "Component.js.map": 1760463399837,
  "Component-preload.js": 1760463400037,
  "Component-preload.js.map": 1760463400037,
  "view/Segments.view.xml": 1758456568181,
  "view/NotFound.view.xml": 1758456568181,
  "i18n/i18n_en.properties": 1758456550829,
  "view/Home.view.xml": 1759243951217,
  "view/FilesDetail.view.xml": 1760452196399,
  "view/FilesCreate.fragment.xml": 1758456568181,
  "view/Files.view.xml": 1760380653919,
  "view/Contacts.view.xml": 1758456568181,
  "view/ConfirmationPopover.fragment.xml": 1758456568181,
  "view/Breadcrumbs.fragment.xml": 1758456568181,
  "view/App.view.xml": 1760379436830,
  "image/wall.jpg": 1758456554077,
  "css/style.css": 1758456547477,
  "annotations/annotation.xml": 1758456541017,
  "index.html": 1758456536765
}