{
  "model/formatter.js.map": 1762979853767,
  "i18n/i18n_en.properties": 1758456550829,
  "Component.js": 1761756219786,
  "model/formatter.js": 1758456561653,
  "controller/Segments.controller.js": 1758456544245,
  "controller/NotFound.controller.js": 1758456544245,
  "controller/Home.controller.js": 1758456544245,
  "controller/FilesDetail.controller.js": 1762979767547,
  "controller/Files.controller.js": 1762763782456,
  "controller/Contacts.controller.js": 1758456544245,
  "controller/BaseController.js": 1760378989392,
  "controller/App.controller.js": 1762458249216,
  "manifest.json": 1762979853377,
  "model/models.js": 1758456561653,
  "controller/Files-dbg.controller.js": 1762763782456,
  "controller/Files.controller.js.map": 1762979853992,
  "model/formatter-dbg.js": 1758456561653,
  "i18n/i18n.properties": 1758456550829,
  "controller/Segments-dbg.controller.js": 1758456544245,
  "controller/Segments.controller.js.map": 1762979853799,
  "controller/NotFound-dbg.controller.js": 1758456544245,
  "controller/NotFound.controller.js.map": 1762979853775,
  "controller/Home-dbg.controller.js": 1758456544245,
  "controller/Home.controller.js.map": 1762979853770,
  "controller/FilesDetail-dbg.controller.js": 1762979767547,
  "controller/FilesDetail.controller.js.map": 1762979854011,
  "Component-dbg.js": 1761756219786,
  "Component.js.map": 1762979853794,
  "controller/Contacts-dbg.controller.js": 1758456544245,
  "controller/Contacts.controller.js.map": 1762979853885,
  "controller/BaseController-dbg.js": 1760378989392,
  "controller/BaseController.js.map": 1762979853878,
  "controller/App-dbg.controller.js": 1762458249216,
  "controller/App.controller.js.map": 1762979853895,
  "model/models-dbg.js": 1758456561653,
  "model/models.js.map": 1762979853887,
  "Component-preload.js": 1762979854400,
  "Component-preload.js.map": 1762979854400,
  "view/Segments.view.xml": 1758456568181,
  "view/NotFound.view.xml": 1758456568181,
  "view/MessagePopover.fragment.xml": 1758456568181,
  "view/Home.view.xml": 1760714975344,
  "view/FilesDetail.view.xml": 1762963672005,
  "view/FilesCreate.fragment.xml": 1758456568181,
  "view/Files.view.xml": 1762668725646,
  "view/Contacts.view.xml": 1758456568181,
  "view/ConfirmationPopover.fragment.xml": 1758456568181,
  "view/Breadcrumbs.fragment.xml": 1758456568181,
  "view/App.view.xml": 1762369026905,
  "annotations/annotation.xml": 1758456541017,
  "image/wall.jpg": 1758456554077,
  "css/style.css": 1758456547477,
  "index.html": 1758456536765
}