{
  "controller/FilesDetail.controller.js.map": 1762276683196,
  "i18n/i18n.properties": 1758456550829,
  "model/models.js": 1758456561653,
  "model/formatter.js": 1758456561653,
  "controller/Segments.controller.js": 1758456544245,
  "controller/NotFound.controller.js": 1758456544245,
  "controller/Home.controller.js": 1758456544245,
  "controller/FilesDetail.controller.js": 1762276598765,
  "controller/Files.controller.js": 1762275410512,
  "controller/Contacts.controller.js": 1758456544245,
  "controller/BaseController.js": 1760378989392,
  "controller/App.controller.js": 1761756335422,
  "manifest.json": 1762276682779,
  "Component.js": 1761756219786,
  "model/models-dbg.js": 1758456561653,
  "model/models.js.map": 1762276683089,
  "model/formatter-dbg.js": 1758456561653,
  "model/formatter.js.map": 1762276683116,
  "controller/Segments-dbg.controller.js": 1758456544245,
  "controller/Segments.controller.js.map": 1762276683104,
  "controller/NotFound-dbg.controller.js": 1758456544245,
  "controller/NotFound.controller.js.map": 1762276683084,
  "controller/Home-dbg.controller.js": 1758456544245,
  "controller/Home.controller.js.map": 1762276683088,
  "controller/FilesDetail-dbg.controller.js": 1762276598765,
  "i18n/i18n_en.properties": 1758456550829,
  "controller/Files-dbg.controller.js": 1762275410512,
  "controller/Files.controller.js.map": 1762276683193,
  "controller/Contacts-dbg.controller.js": 1758456544245,
  "controller/Contacts.controller.js.map": 1762276683182,
  "controller/BaseController-dbg.js": 1760378989392,
  "controller/BaseController.js.map": 1762276683130,
  "controller/App-dbg.controller.js": 1761756335422,
  "controller/App.controller.js.map": 1762276683193,
  "Component-dbg.js": 1761756219786,
  "Component.js.map": 1762276683194,
  "Component-preload.js": 1762276683371,
  "Component-preload.js.map": 1762276683371,
  "view/Segments.view.xml": 1758456568181,
  "view/NotFound.view.xml": 1758456568181,
  "view/MessagePopover.fragment.xml": 1758456568181,
  "view/Home.view.xml": 1760714975344,
  "view/FilesDetail.view.xml": 1762272018163,
  "view/FilesCreate.fragment.xml": 1758456568181,
  "view/Files.view.xml": 1762274994117,
  "view/Contacts.view.xml": 1758456568181,
  "view/ConfirmationPopover.fragment.xml": 1758456568181,
  "view/Breadcrumbs.fragment.xml": 1758456568181,
  "view/App.view.xml": 1761151433015,
  "image/wall.jpg": 1758456554077,
  "css/style.css": 1758456547477,
  "annotations/annotation.xml": 1758456541017,
  "index.html": 1758456536765
}