{
  "controller/Segments.controller.js": 1758456544245,
  "i18n/i18n_en.properties": 1758456550829,
  "controller/Contacts.controller.js": 1758456544245,
  "model/formatter.js": 1758456561653,
  "i18n/i18n.properties": 1758456550829,
  "controller/NotFound.controller.js": 1758456544245,
  "controller/Home.controller.js": 1758456544245,
  "controller/FilesDetail.controller.js": 1761572802636,
  "controller/Files.controller.js": 1761572658305,
  "model/models.js": 1758456561653,
  "controller/BaseController.js": 1760378989392,
  "controller/App.controller.js": 1761250281025,
  "manifest.json": 1761573004123,
  "Component.js": 1758456536765,
  "controller/Segments-dbg.controller.js": 1758456544245,
  "controller/Segments.controller.js.map": 1761573004351,
  "model/formatter-dbg.js": 1758456561653,
  "model/formatter.js.map": 1761573004337,
  "controller/Contacts-dbg.controller.js": 1758456544245,
  "controller/Contacts.controller.js.map": 1761573004359,
  "controller/NotFound-dbg.controller.js": 1758456544245,
  "controller/NotFound.controller.js.map": 1761573004330,
  "controller/Home-dbg.controller.js": 1758456544245,
  "controller/Home.controller.js.map": 1761573004336,
  "controller/FilesDetail-dbg.controller.js": 1761572802636,
  "controller/FilesDetail.controller.js.map": 1761573004436,
  "controller/Files-dbg.controller.js": 1761572658305,
  "controller/Files.controller.js.map": 1761573004425,
  "model/models-dbg.js": 1758456561653,
  "model/models.js.map": 1761573004359,
  "controller/BaseController-dbg.js": 1760378989392,
  "controller/BaseController.js.map": 1761573004424,
  "controller/App-dbg.controller.js": 1761250281025,
  "controller/App.controller.js.map": 1761573004438,
  "Component-dbg.js": 1758456536765,
  "Component.js.map": 1761573004436,
  "Component-preload.js": 1761573004619,
  "Component-preload.js.map": 1761573004619,
  "view/Segments.view.xml": 1758456568181,
  "view/NotFound.view.xml": 1758456568181,
  "view/MessagePopover.fragment.xml": 1758456568181,
  "view/Home.view.xml": 1760714975344,
  "view/FilesDetail.view.xml": 1761504064533,
  "view/FilesCreate.fragment.xml": 1758456568181,
  "view/Files.view.xml": 1761571945926,
  "view/Contacts.view.xml": 1758456568181,
  "view/ConfirmationPopover.fragment.xml": 1758456568181,
  "view/Breadcrumbs.fragment.xml": 1758456568181,
  "view/App.view.xml": 1761151433015,
  "css/style.css": 1758456547477,
  "image/wall.jpg": 1758456554077,
  "annotations/annotation.xml": 1758456541017,
  "index.html": 1758456536765
}