{
  "controller/BaseController.js": 1760378989392,
  "i18n/i18n.properties": 1758456550829,
  "controller/Contacts.controller.js": 1758456544245,
  "model/formatter.js": 1758456561653,
  "controller/Segments.controller.js": 1758456544245,
  "controller/NotFound.controller.js": 1758456544245,
  "controller/Home.controller.js": 1758456544245,
  "controller/FilesDetail.controller.js": 1763284075071,
  "controller/Files.controller.js": 1763059662356,
  "model/models.js": 1758456561653,
  "i18n/i18n_en.properties": 1758456550829,
  "controller/App.controller.js": 1763035436640,
  "manifest.json": 1763284123164,
  "Component.js": 1761756219786,
  "controller/FilesDetail-dbg.controller.js": 1763284075071,
  "controller/FilesDetail.controller.js.map": 1763284123466,
  "model/formatter-dbg.js": 1758456561653,
  "model/formatter.js.map": 1763284123292,
  "controller/Segments-dbg.controller.js": 1758456544245,
  "controller/Segments.controller.js.map": 1763284123359,
  "controller/NotFound-dbg.controller.js": 1758456544245,
  "controller/NotFound.controller.js.map": 1763284123339,
  "controller/Home-dbg.controller.js": 1758456544245,
  "controller/Home.controller.js.map": 1763284123339,
  "controller/Contacts-dbg.controller.js": 1758456544245,
  "controller/Contacts.controller.js.map": 1763284123355,
  "controller/Files-dbg.controller.js": 1763059662356,
  "controller/Files.controller.js.map": 1763284123379,
  "model/models-dbg.js": 1758456561653,
  "model/models.js.map": 1763284123357,
  "controller/BaseController-dbg.js": 1760378989392,
  "controller/BaseController.js.map": 1763284123368,
  "controller/App-dbg.controller.js": 1763035436640,
  "controller/App.controller.js.map": 1763284123377,
  "Component-dbg.js": 1761756219786,
  "Component.js.map": 1763284123372,
  "Component-preload.js": 1763284123642,
  "Component-preload.js.map": 1763284123643,
  "view/Segments.view.xml": 1758456568181,
  "view/NotFound.view.xml": 1758456568181,
  "view/MessagePopover.fragment.xml": 1758456568181,
  "view/Home.view.xml": 1760714975344,
  "view/FilesDetail.view.xml": 1763280041438,
  "view/FilesCreate.fragment.xml": 1758456568181,
  "view/Files.view.xml": 1763059995942,
  "view/Contacts.view.xml": 1758456568181,
  "view/ConfirmationPopover.fragment.xml": 1758456568181,
  "view/Breadcrumbs.fragment.xml": 1758456568181,
  "view/App.view.xml": 1762369026905,
  "css/style.css": 1758456547477,
  "image/wall.jpg": 1758456554077,
  "annotations/annotation.xml": 1758456541017,
  "index.html": 1758456536765
}