{
  "controller/Contacts.controller.js.map": 1758809179932,
  "i18n/i18n_en.properties": 1758456550829,
  "controller/Files.controller.js": 1758806701188,
  "model/formatter.js": 1758456561653,
  "controller/Segments.controller.js": 1758456544245,
  "controller/NotFound.controller.js": 1758456544245,
  "controller/Home.controller.js": 1758456544245,
  "controller/FilesDetail.controller.js": 1758456544245,
  "model/models.js": 1758456561653,
  "controller/Contacts.controller.js": 1758456544245,
  "controller/BaseController.js": 1758637447548,
  "controller/App.controller.js": 1758456544245,
  "manifest.json": 1758809179637,
  "Component.js": 1758456536765,
  "controller/Files-dbg.controller.js": 1758806701188,
  "controller/Files.controller.js.map": 1758809179937,
  "model/formatter-dbg.js": 1758456561653,
  "model/formatter.js.map": 1758809179880,
  "controller/Segments-dbg.controller.js": 1758456544245,
  "controller/Segments.controller.js.map": 1758809179940,
  "controller/NotFound-dbg.controller.js": 1758456544245,
  "controller/NotFound.controller.js.map": 1758809179880,
  "controller/Home-dbg.controller.js": 1758456544245,
  "controller/Home.controller.js.map": 1758809179885,
  "controller/FilesDetail-dbg.controller.js": 1758456544245,
  "controller/FilesDetail.controller.js.map": 1758809179938,
  "model/models-dbg.js": 1758456561653,
  "model/models.js.map": 1758809179893,
  "controller/Contacts-dbg.controller.js": 1758456544245,
  "i18n/i18n.properties": 1758456550829,
  "controller/BaseController-dbg.js": 1758637447548,
  "controller/BaseController.js.map": 1758809179943,
  "controller/App-dbg.controller.js": 1758456544245,
  "controller/App.controller.js.map": 1758809179955,
  "Component-dbg.js": 1758456536765,
  "Component.js.map": 1758809179944,
  "Component-preload.js": 1758809180124,
  "Component-preload.js.map": 1758809180125,
  "view/Segments.view.xml": 1758456568181,
  "view/NotFound.view.xml": 1758456568181,
  "view/MessagePopover.fragment.xml": 1758456568181,
  "view/Home.view.xml": 1758456568181,
  "view/FilesDetail.view.xml": 1758625086564,
  "view/FilesCreate.fragment.xml": 1758456568181,
  "view/Files.view.xml": 1758806683528,
  "view/Contacts.view.xml": 1758456568181,
  "view/ConfirmationPopover.fragment.xml": 1758456568181,
  "view/Breadcrumbs.fragment.xml": 1758456568181,
  "view/App.view.xml": 1758637413244,
  "image/wall.jpg": 1758456554077,
  "css/style.css": 1758456547477,
  "annotations/annotation.xml": 1758456541017,
  "index.html": 1758456536765
}